make,model,ModelType,ModelTypeLink
Abarth,Abarth 595 Cabrio,2016 Abarth 595 Cabrio 1.4 T-Jet 145 specs,https://www.cars-data.com/en/abarth-595-cabrio-1-4-t-jet-145-specs/73534
Abarth,Abarth 595 Cabrio,2016 Abarth 595 Cabrio 1.4 T-Jet 145 specs,https://www.cars-data.com/en/abarth-595-cabrio-1-4-t-jet-145-specs/73535
Abarth,Abarth 595 Cabrio,2016 Abarth 595 Cabrio 1.4 T-Jet 165 Turismo specs,https://www.cars-data.com/en/abarth-595-cabrio-1-4-t-jet-165-turismo-specs/73536
Abarth,Abarth 595 Cabrio,2016 Abarth 595 Cabrio 1.4 T-Jet 165 Turismo specs,https://www.cars-data.com/en/abarth-595-cabrio-1-4-t-jet-165-turismo-specs/73537
Abarth,Abarth 595 Cabrio,2016 Abarth 595 Cabrio 1.4 T-Jet 180 Competizione specs,https://www.cars-data.com/en/abarth-595-cabrio-1-4-t-jet-180-competizione-specs/73538
Abarth,Abarth 595 Cabrio,2016 Abarth 595 Cabrio 1.4 T-Jet 180 Competizione specs,https://www.cars-data.com/en/abarth-595-cabrio-1-4-t-jet-180-competizione-specs/73539
Aiways,Aiways U5,2020 Aiways U5 Standaard specs,https://www.cars-data.com/en/aiways-u5-standaard-specs/84688
Aiways,Aiways U5,2020 Aiways U5 Showroom specs,https://www.cars-data.com/en/aiways-u5-showroom-specs/84689
Aiways,Aiways U5,2020 Aiways U5 Premium specs,https://www.cars-data.com/en/aiways-u5-premium-specs/84690
Alfa Romeo,Alfa Romeo 4C Spider,2015 Alfa Romeo 4C Spider 1.750 Tbi specs,https://www.cars-data.com/en/alfa-romeo-4c-spider-1-750-tbi-specs/66221
Alpine,Alpine A110,2018 Alpine A110 Pure specs,https://www.cars-data.com/en/alpine-a110-pure-specs/85884
Alpine,Alpine A110,2018 Alpine A110 Legende specs,https://www.cars-data.com/en/alpine-a110-legende-specs/85885
Alpine,Alpine A110,2018 Alpine A110 Premiere Edition specs,https://www.cars-data.com/en/alpine-a110-premiere-edition-specs/85886
Asia Motors,Asia Motors Rocsta,1993 Asia Motors Rocsta 1.8 Softtop specs,https://www.cars-data.com/en/asia-motors-rocsta-1-8-softtop-specs/68781
Asia Motors,Asia Motors Rocsta,1993 Asia Motors Rocsta 1.8 Hardtop specs,https://www.cars-data.com/en/asia-motors-rocsta-1-8-hardtop-specs/59624
Asia Motors,Asia Motors Rocsta,1993 Asia Motors Rocsta 2.2 Diesel Softtop specs,https://www.cars-data.com/en/asia-motors-rocsta-2-2-diesel-softtop-specs/68782
Asia Motors,Asia Motors Rocsta,1993 Asia Motors Rocsta 2.2 Diesel Hardtop specs,https://www.cars-data.com/en/asia-motors-rocsta-2-2-diesel-hardtop-specs/59625
Aston Martin,Aston Martin DB11 Coupe,2016 Aston Martin DB11 5.2 V12 Coupe specs,https://www.cars-data.com/en/aston-martin-db11-5-2-v12-coupe-specs/73540
Audi,Audi RS5 Sportback,2019 Audi RS5 Sportback 2.9 TFSI Quattro specs,https://www.cars-data.com/en/audi-rs5-sportback-2-9-tfsi-quattro-specs/80343
Austin,Austin Maestro,1983 Austin Maestro 1.3 Special specs,https://www.cars-data.com/en/austin-maestro-1-3-special-specs/59627
Austin,Austin Maestro,1983 Austin Maestro 1.3 specs,https://www.cars-data.com/en/austin-maestro-1-3-specs/59628
Autobianchi,Autobianchi A112,1980 Autobianchi A112 Junior specs,https://www.cars-data.com/en/autobianchi-a112-junior-specs/59681
Autobianchi,Autobianchi A112,1980 Autobianchi A112 Elegante specs,https://www.cars-data.com/en/autobianchi-a112-elegante-specs/59682
Autobianchi,Autobianchi A112,1980 Autobianchi A112 Elite specs,https://www.cars-data.com/en/autobianchi-a112-elite-specs/59683
Autobianchi,Autobianchi A112,1980 Autobianchi A112 Abarth specs,https://www.cars-data.com/en/autobianchi-a112-abarth-specs/59684
Bentley,Bentley Continental GT Convertible,2012 Bentley Continental GT Convertible V8 specs,https://www.cars-data.com/en/bentley-continental-gt-convertible-v8-specs/66597
Bentley,Bentley Continental GT Convertible,2012 Bentley Continental GT Convertible W12 specs,https://www.cars-data.com/en/bentley-continental-gt-convertible-w12-specs/66599
BMW,BMW 8-series Cabrio,2019 BMW 840i Cabrio specs,https://www.cars-data.com/en/bmw-840i-cabrio-specs/80546
BMW,BMW 8-series Cabrio,2019 BMW 840i XDrive Cabrio specs,https://www.cars-data.com/en/bmw-840i-xdrive-cabrio-specs/80547
BMW,BMW 8-series Cabrio,2019 BMW M850i XDrive Cabrio specs,https://www.cars-data.com/en/bmw-m850i-xdrive-cabrio-specs/80548
BMW,BMW 8-series Cabrio,2019 BMW M8 Cabrio specs,https://www.cars-data.com/en/bmw-m8-cabrio-specs/99082
BMW,BMW 8-series Cabrio,2019 BMW M8 Competition Cabrio specs,https://www.cars-data.com/en/bmw-m8-competition-cabrio-specs/99083
BMW,BMW 8-series Cabrio,2019 BMW 840d XDrive Cabrio specs,https://www.cars-data.com/en/bmw-840d-xdrive-cabrio-specs/80549
Bugatti,Bugatti Veyron,2005 Bugatti Veyron 16.4 specs,https://www.cars-data.com/en/bugatti-veyron-16-4-specs/8626
Buick,Buick Park Avenue,1991 Buick Park Avenue specs,https://www.cars-data.com/en/buick-park-avenue-specs/59685
Cadillac,Cadillac ATS Coupe,2015 Cadillac ATS Coupe 2.0 T Elegance specs,https://www.cars-data.com/en/cadillac-ats-coupe-2-0-t-elegance-specs/73563
Cadillac,Cadillac ATS Coupe,2015 Cadillac ATS Coupe 2.0 T Luxury specs,https://www.cars-data.com/en/cadillac-ats-coupe-2-0-t-luxury-specs/73564
Cadillac,Cadillac ATS Coupe,2015 Cadillac ATS Coupe 2.0 T Performance specs,https://www.cars-data.com/en/cadillac-ats-coupe-2-0-t-performance-specs/73565
Cadillac,Cadillac ATS Coupe,2015 Cadillac ATS Coupe 2.0 T Premium specs,https://www.cars-data.com/en/cadillac-ats-coupe-2-0-t-premium-specs/73566
Cadillac,Cadillac ATS Coupe,2015 Cadillac ATS Coupe 2.0 T AWD Performance specs,https://www.cars-data.com/en/cadillac-ats-coupe-2-0-t-awd-performance-specs/73567
Cadillac,Cadillac ATS Coupe,2015 Cadillac ATS Coupe 2.0 T AWD Premium specs,https://www.cars-data.com/en/cadillac-ats-coupe-2-0-t-awd-premium-specs/73568
Cadillac,Cadillac ATS Coupe,2015 Cadillac ATS-V Coupe specs,https://www.cars-data.com/en/cadillac-ats-v-coupe-specs/73569
Cadillac,Cadillac ATS Coupe,2015 Cadillac ATS-V Coupe Premium specs,https://www.cars-data.com/en/cadillac-ats-v-coupe-premium-specs/73570
Carver,Carver One,2007 Carver One specs,https://www.cars-data.com/en/carver-one-specs/59946
Chevrolet,Chevrolet Volt,2011 Chevrolet Volt LT specs,https://www.cars-data.com/en/chevrolet-volt-lt-specs/9024
Chevrolet,Chevrolet Volt,2011 Chevrolet Volt LTZ specs,https://www.cars-data.com/en/chevrolet-volt-ltz-specs/9025
Chrysler,Chrysler 300C Touring,2004 Chrysler 300C Touring 2.7 V6 specs,https://www.cars-data.com/en/chrysler-300c-touring-2-7-v6-specs/9032
Chrysler,Chrysler 300C Touring,2004 Chrysler 300C Touring 3.5 V6 specs,https://www.cars-data.com/en/chrysler-300c-touring-3-5-v6-specs/9033
Chrysler,Chrysler 300C Touring,2004 Chrysler 300C Touring 3.5 V6 AWD specs,https://www.cars-data.com/en/chrysler-300c-touring-3-5-v6-awd-specs/9034
Chrysler,Chrysler 300C Touring,2004 Chrysler 300C Touring HEMI 5.7 V8 specs,https://www.cars-data.com/en/chrysler-300c-touring-hemi-5-7-v8-specs/9035
Chrysler,Chrysler 300C Touring,2004 Chrysler 300C Touring HEMI 5.7 V8 AWD specs,https://www.cars-data.com/en/chrysler-300c-touring-hemi-5-7-v8-awd-specs/9036
Citroen,Citroen Ã«-C4,2020 Citroen Ã«-C4 50kWh 136 Feel specs,https://www.cars-data.com/en/citroen-e-c4-50kwh-136-feel-specs/102212
Citroen,Citroen Ã«-C4,2020 Citroen Ã«-C4 50kWh 136 Feel Edition specs,https://www.cars-data.com/en/citroen-e-c4-50kwh-136-feel-edition-specs/102213
Citroen,Citroen Ã«-C4,2020 Citroen Ã«-C4 50kWh 136 Shine specs,https://www.cars-data.com/en/citroen-e-c4-50kwh-136-shine-specs/102214
Corvette,Corvette C6 Coupe,2004 Corvette C6 Coupe specs,https://www.cars-data.com/en/corvette-c6-coupe-specs/59687
Corvette,Corvette C6 Coupe,2004 Corvette C6 Coupe specs,https://www.cars-data.com/en/corvette-c6-coupe-specs/59688
Cupra,Cupra Leon,2020 Cupra Leon 1.4 E-Hybrid Business specs,https://www.cars-data.com/en/cupra-leon-1-4-e-hybrid-business-specs/103508
Cupra,Cupra Leon,2020 Cupra Leon 1.4 E-Hybrid Adrenaline specs,https://www.cars-data.com/en/cupra-leon-1-4-e-hybrid-adrenaline-specs/103509
Cupra,Cupra Leon,2020 Cupra Leon 1.4 E-Hybrid Performance specs,https://www.cars-data.com/en/cupra-leon-1-4-e-hybrid-performance-specs/103510
Cupra,Cupra Leon,2020 Cupra Leon 1.4 E-Hybrid Copper Edition specs,https://www.cars-data.com/en/cupra-leon-1-4-e-hybrid-copper-edition-specs/103511
Dacia,Dacia Lodgy,2012 Dacia Lodgy TCe 115 Ambiance 5P specs,https://www.cars-data.com/en/dacia-lodgy-tce-115-ambiance-5p-specs/10995
Dacia,Dacia Lodgy,2012 Dacia Lodgy TCe 115 Ambiance 7P specs,https://www.cars-data.com/en/dacia-lodgy-tce-115-ambiance-7p-specs/10996
Dacia,Dacia Lodgy,2012 Dacia Lodgy TCe 115 Laureate 5P specs,https://www.cars-data.com/en/dacia-lodgy-tce-115-laureate-5p-specs/10997
Dacia,Dacia Lodgy,2012 Dacia Lodgy TCe 115 Laureate 7P specs,https://www.cars-data.com/en/dacia-lodgy-tce-115-laureate-7p-specs/10998
Dacia,Dacia Lodgy,2012 Dacia Lodgy TCe 115 Prestige 5P specs,https://www.cars-data.com/en/dacia-lodgy-tce-115-prestige-5p-specs/10999
Dacia,Dacia Lodgy,2012 Dacia Lodgy TCe 115 Prestige 7P specs,https://www.cars-data.com/en/dacia-lodgy-tce-115-prestige-7p-specs/11000
Daewoo,Daewoo Kalos,2002 Daewoo Kalos 1.4 Spirit specs,https://www.cars-data.com/en/daewoo-kalos-1-4-spirit-specs/11077
Daewoo,Daewoo Kalos,2002 Daewoo Kalos 1.4 Style specs,https://www.cars-data.com/en/daewoo-kalos-1-4-style-specs/11078
Daewoo,Daewoo Kalos,2002 Daewoo Kalos 1.4 Class specs,https://www.cars-data.com/en/daewoo-kalos-1-4-class-specs/11079
Daihatsu,Daihatsu Sirion 2,2005 Daihatsu Sirion 2 1.0 12V DVVT Trend specs,https://www.cars-data.com/en/daihatsu-sirion-2-1-0-12v-dvvt-trend-specs/11465
Daihatsu,Daihatsu Sirion 2,2005 Daihatsu Sirion 2 1.0 12V DVVT Premium specs,https://www.cars-data.com/en/daihatsu-sirion-2-1-0-12v-dvvt-premium-specs/11467
Daihatsu,Daihatsu Sirion 2,2005 Daihatsu Sirion 2 1.3 16V DVVT Comfort specs,https://www.cars-data.com/en/daihatsu-sirion-2-1-3-16v-dvvt-comfort-specs/11469
Daihatsu,Daihatsu Sirion 2,2005 Daihatsu Sirion 2 1.3 16V DVVT Comfort specs,https://www.cars-data.com/en/daihatsu-sirion-2-1-3-16v-dvvt-comfort-specs/11470
Daihatsu,Daihatsu Sirion 2,2005 Daihatsu Sirion 2 1.3 16V DVVT Prestige specs,https://www.cars-data.com/en/daihatsu-sirion-2-1-3-16v-dvvt-prestige-specs/11475
Daihatsu,Daihatsu Sirion 2,2005 Daihatsu Sirion 2 1.3 16V DVVT Prestige specs,https://www.cars-data.com/en/daihatsu-sirion-2-1-3-16v-dvvt-prestige-specs/11476
Daihatsu,Daihatsu Sirion 2,2005 Daihatsu Sirion 2 1.3 16V DVVT Sport specs,https://www.cars-data.com/en/daihatsu-sirion-2-1-3-16v-dvvt-sport-specs/11481
Daihatsu,Daihatsu Sirion 2,2005 Daihatsu Sirion 2 1.3 16V DVVT Sport specs,https://www.cars-data.com/en/daihatsu-sirion-2-1-3-16v-dvvt-sport-specs/11482
Daimler,Daimler Six,1994 Daimler Six specs,https://www.cars-data.com/en/daimler-six-specs/74135
Daimler,Daimler Six,1994 Daimler Six specs,https://www.cars-data.com/en/daimler-six-specs/74136
Datsun,Datsun Bluebird Combi,1980 Datsun Bluebird Combi 1800 GL specs,https://www.cars-data.com/en/datsun-bluebird-combi-1800-gl-specs/59721
Dodge,Dodge Nitro,2007 Dodge Nitro 3.7 V6 4x4 SE specs,https://www.cars-data.com/en/dodge-nitro-3-7-v6-4x4-se-specs/11575
Dodge,Dodge Nitro,2007 Dodge Nitro 3.7 V6 4x4 SXT specs,https://www.cars-data.com/en/dodge-nitro-3-7-v6-4x4-sxt-specs/11576
Dodge,Dodge Nitro,2007 Dodge Nitro 4.0 V6 4x4 R/T specs,https://www.cars-data.com/en/dodge-nitro-4-0-v6-4x4-r-t-specs/11577
Dodge,Dodge Nitro,2007 Dodge Nitro 2.8 CRD 4x2 SE specs,https://www.cars-data.com/en/dodge-nitro-2-8-crd-4x2-se-specs/11578
Dodge,Dodge Nitro,2007 Dodge Nitro 2.8 CRD 4x4 SE specs,https://www.cars-data.com/en/dodge-nitro-2-8-crd-4x4-se-specs/11579
Dodge,Dodge Nitro,2007 Dodge Nitro 2.8 CRD 4x4 SE specs,https://www.cars-data.com/en/dodge-nitro-2-8-crd-4x4-se-specs/11580
Dodge,Dodge Nitro,2007 Dodge Nitro 2.8 CRD 4x4 SXT specs,https://www.cars-data.com/en/dodge-nitro-2-8-crd-4x4-sxt-specs/11581
Dodge,Dodge Nitro,2007 Dodge Nitro 2.8 CRD 4x4 SXT specs,https://www.cars-data.com/en/dodge-nitro-2-8-crd-4x4-sxt-specs/11582
Dodge,Dodge Nitro,2007 Dodge Nitro 2.8 CRD 4x4 R/T specs,https://www.cars-data.com/en/dodge-nitro-2-8-crd-4x4-r-t-specs/11583
Donkervoort,Donkervoort D8,1993 Donkervoort D8 Zetec specs,https://www.cars-data.com/en/donkervoort-d8-zetec-specs/11585
Donkervoort,Donkervoort D8,1993 Donkervoort D8 Cosworth specs,https://www.cars-data.com/en/donkervoort-d8-cosworth-specs/11599
DS,DS DS7 Crossback,2017 DS DS7 Crossback PureTech 225 Performance Line specs,https://www.cars-data.com/en/ds-ds7-crossback-puretech-225-performance-line-specs/84580
DS,DS DS7 Crossback,2017 DS DS7 Crossback PureTech 225 So Chic specs,https://www.cars-data.com/en/ds-ds7-crossback-puretech-225-so-chic-specs/84582
DS,DS DS7 Crossback,2017 DS DS7 Crossback BlueHDi 130 Drive Efficiency Chic specs,https://www.cars-data.com/en/ds-ds7-crossback-bluehdi-130-drive-efficiency-chic-specs/84589
DS,DS DS7 Crossback,2017 DS DS7 Crossback BlueHDi 130 Drive Efficiency Be Chic specs,https://www.cars-data.com/en/ds-ds7-crossback-bluehdi-130-drive-efficiency-be-chic-specs/84590
DS,DS DS7 Crossback,2017 DS DS7 Crossback BlueHDi 130 Drive Efficiency Business specs,https://www.cars-data.com/en/ds-ds7-crossback-bluehdi-130-drive-efficiency-business-specs/84591
DS,DS DS7 Crossback,2017 DS DS7 Crossback BlueHDi 130 Drive Efficiency So Chic specs,https://www.cars-data.com/en/ds-ds7-crossback-bluehdi-130-drive-efficiency-so-chic-specs/84592
DS,DS DS7 Crossback,2017 DS DS7 Crossback BlueHDi 130 Drive Efficiency Executive specs,https://www.cars-data.com/en/ds-ds7-crossback-bluehdi-130-drive-efficiency-executive-specs/84593
DS,DS DS7 Crossback,2017 DS DS7 Crossback BlueHDi 130 Be Chic specs,https://www.cars-data.com/en/ds-ds7-crossback-bluehdi-130-be-chic-specs/84594
DS,DS DS7 Crossback,2017 DS DS7 Crossback BlueHDi 130 Business specs,https://www.cars-data.com/en/ds-ds7-crossback-bluehdi-130-business-specs/84596
DS,DS DS7 Crossback,2017 DS DS7 Crossback BlueHDi 130 Performance Line specs,https://www.cars-data.com/en/ds-ds7-crossback-bluehdi-130-performance-line-specs/84598
DS,DS DS7 Crossback,2017 DS DS7 Crossback BlueHDi 130 So Chic specs,https://www.cars-data.com/en/ds-ds7-crossback-bluehdi-130-so-chic-specs/84600
DS,DS DS7 Crossback,2017 DS DS7 Crossback BlueHDi 130 Executive specs,https://www.cars-data.com/en/ds-ds7-crossback-bluehdi-130-executive-specs/84602
DS,DS DS7 Crossback,2017 DS DS7 Crossback BlueHDi 180 Be Chic specs,https://www.cars-data.com/en/ds-ds7-crossback-bluehdi-180-be-chic-specs/84604
DS,DS DS7 Crossback,2017 DS DS7 Crossback BlueHDi 180 Business specs,https://www.cars-data.com/en/ds-ds7-crossback-bluehdi-180-business-specs/84605
DS,DS DS7 Crossback,2017 DS DS7 Crossback BlueHDi 180 Performance Line specs,https://www.cars-data.com/en/ds-ds7-crossback-bluehdi-180-performance-line-specs/84606
DS,DS DS7 Crossback,2017 DS DS7 Crossback BlueHDi 180 So Chic specs,https://www.cars-data.com/en/ds-ds7-crossback-bluehdi-180-so-chic-specs/84607
DS,DS DS7 Crossback,2017 DS DS7 Crossback BlueHDi 180 Executive specs,https://www.cars-data.com/en/ds-ds7-crossback-bluehdi-180-executive-specs/84608
DS,DS DS7 Crossback,2017 DS DS7 Crossback BlueHDi 180 La PremiÃ«re specs,https://www.cars-data.com/en/ds-ds7-crossback-bluehdi-180-la-premiere-specs/84609
Ferrari,Ferrari F8 Spider,2020 Ferrari F8 Spider specs,https://www.cars-data.com/en/ferrari-f8-spider-specs/104708
Fiat,Fiat 500L Wagon,2017 Fiat 500L Wagon TwinAir 105 PopStar specs,https://www.cars-data.com/en/fiat-500l-wagon-twinair-105-popstar-specs/105071
Fiat,Fiat 500L Wagon,2017 Fiat 500L Wagon TwinAir 105 Lounge specs,https://www.cars-data.com/en/fiat-500l-wagon-twinair-105-lounge-specs/105072
Fiat,Fiat 500L Wagon,2017 Fiat 500L Wagon T-Jet 120 Lounge specs,https://www.cars-data.com/en/fiat-500l-wagon-t-jet-120-lounge-specs/105073
Fiat,Fiat 500L Wagon,2017 Fiat 500L Wagon TwinAir 80 CNG PopStar specs,https://www.cars-data.com/en/fiat-500l-wagon-twinair-80-cng-popstar-specs/105074
Fiat,Fiat 500L Wagon,2017 Fiat 500L Wagon TwinAir 80 CNG Lounge specs,https://www.cars-data.com/en/fiat-500l-wagon-twinair-80-cng-lounge-specs/105075
Fiat,Fiat 500L Wagon,2017 Fiat 500L Wagon 1.3 MultiJet 95 PopStar specs,https://www.cars-data.com/en/fiat-500l-wagon-1-3-multijet-95-popstar-specs/105076
Fisker,Fisker Karma,2011 Fisker Karma EcoStandard specs,https://www.cars-data.com/en/fisker-karma-ecostandard-specs/12898
Fisker,Fisker Karma,2011 Fisker Karma EcoSport specs,https://www.cars-data.com/en/fisker-karma-ecosport-specs/12899
Fisker,Fisker Karma,2011 Fisker Karma EcoChic specs,https://www.cars-data.com/en/fisker-karma-ecochic-specs/12900
Ford,Ford Mustang Fastback,2015 Ford Mustang Fastback 2.3 EcoBoost specs,https://www.cars-data.com/en/ford-mustang-fastback-2-3-ecoboost-specs/81014
Ford,Ford Mustang Fastback,2015 Ford Mustang Fastback 2.3 EcoBoost specs,https://www.cars-data.com/en/ford-mustang-fastback-2-3-ecoboost-specs/81015
Ford,Ford Mustang Fastback,2015 Ford Mustang Fastback GT 5.0 V8 specs,https://www.cars-data.com/en/ford-mustang-fastback-gt-5-0-v8-specs/81016
Ford,Ford Mustang Fastback,2015 Ford Mustang Fastback GT 5.0 V8 specs,https://www.cars-data.com/en/ford-mustang-fastback-gt-5-0-v8-specs/81017
FSO,FSO Classic,1988 FSO Classic 1.5 SLE specs,https://www.cars-data.com/en/fso-classic-1-5-sle-specs/59762
Galloper,Galloper Galloper,1998 Galloper Galloper 2.5 TC specs,https://www.cars-data.com/en/galloper-galloper-2-5-tc-specs/59784
Galloper,Galloper Galloper,1998 Galloper Galloper 2.5 TCI specs,https://www.cars-data.com/en/galloper-galloper-2-5-tci-specs/59785
Honda,Honda CR-Z,2010 Honda CR-Z 1.5 S specs,https://www.cars-data.com/en/honda-cr-z-1-5-s-specs/17013
Honda,Honda CR-Z,2010 Honda CR-Z 1.5 Sport specs,https://www.cars-data.com/en/honda-cr-z-1-5-sport-specs/17014
Honda,Honda CR-Z,2010 Honda CR-Z 1.5 GT specs,https://www.cars-data.com/en/honda-cr-z-1-5-gt-specs/17015
Hummer,Hummer H2,2004 Hummer H2 6.0 V8 Pure specs,https://www.cars-data.com/en/hummer-h2-6-0-v8-pure-specs/17179
Hummer,Hummer H2,2004 Hummer H2 6.0 V8 Adventure specs,https://www.cars-data.com/en/hummer-h2-6-0-v8-adventure-specs/17180
Hummer,Hummer H2,2004 Hummer H2 6.0 V8 Exclusive specs,https://www.cars-data.com/en/hummer-h2-6-0-v8-exclusive-specs/17182
Hyundai,Hyundai Nexo,2018 Hyundai Nexo FCEV specs,https://www.cars-data.com/en/hyundai-nexo-fcev-specs/81151
Hyundai,Hyundai Nexo,2018 Hyundai Nexo FCEV Plus Pack specs,https://www.cars-data.com/en/hyundai-nexo-fcev-plus-pack-specs/81152
Infiniti,Infiniti Q70,2014 Infiniti Q70 3.7 V6 S Premium specs,https://www.cars-data.com/en/infiniti-q70-3-7-v6-s-premium-specs/67279
Infiniti,Infiniti Q70,2014 Infiniti Q70 3.5 V6 Hybrid GT specs,https://www.cars-data.com/en/infiniti-q70-3-5-v6-hybrid-gt-specs/67280
Infiniti,Infiniti Q70,2014 Infiniti Q70 3.5 V6 Hybrid GT Premium specs,https://www.cars-data.com/en/infiniti-q70-3-5-v6-hybrid-gt-premium-specs/67281
Infiniti,Infiniti Q70,2014 Infiniti Q70 3.0D GT specs,https://www.cars-data.com/en/infiniti-q70-3-0d-gt-specs/67282
Infiniti,Infiniti Q70,2014 Infiniti Q70 3.0D GT Premium specs,https://www.cars-data.com/en/infiniti-q70-3-0d-gt-premium-specs/67283
Infiniti,Infiniti Q70,2014 Infiniti Q70 3.0D S specs,https://www.cars-data.com/en/infiniti-q70-3-0d-s-specs/67284
Infiniti,Infiniti Q70,2014 Infiniti Q70 3.0D S Premium specs,https://www.cars-data.com/en/infiniti-q70-3-0d-s-premium-specs/67285
Innocenti,Innocenti 90/120,1979 Innocenti 90 L specs,https://www.cars-data.com/en/innocenti-90-l-specs/59787
Innocenti,Innocenti 90/120,1979 Innocenti 120 L specs,https://www.cars-data.com/en/innocenti-120-l-specs/59788
Innocenti,Innocenti 90/120,1979 Innocenti De Tomaso specs,https://www.cars-data.com/en/innocenti-de-tomaso-specs/59790
Iveco,Iveco Daily,2012 Iveco Daily 29L11V 3000 H1 2.3 specs,https://www.cars-data.com/en/iveco-daily-29l11v-3000-h1-2-3-specs/114693
Iveco,Iveco Daily,2012 Iveco Daily 29L11V 3000 H2 2.3 specs,https://www.cars-data.com/en/iveco-daily-29l11v-3000-h2-2-3-specs/114694
Iveco,Iveco Daily,2012 Iveco Daily 29L11V 3000L H1 2.3 specs,https://www.cars-data.com/en/iveco-daily-29l11v-3000l-h1-2-3-specs/114695
Iveco,Iveco Daily,2012 Iveco Daily 29L11V 3000L H2 2.3 specs,https://www.cars-data.com/en/iveco-daily-29l11v-3000l-h2-2-3-specs/114696
Iveco,Iveco Daily,2012 Iveco Daily 29L11V 3300 H2 2.3 specs,https://www.cars-data.com/en/iveco-daily-29l11v-3300-h2-2-3-specs/114697
Iveco,Iveco Daily,2012 Iveco Daily 29L13V 3000 H1 2.3 specs,https://www.cars-data.com/en/iveco-daily-29l13v-3000-h1-2-3-specs/114698
Iveco,Iveco Daily,2012 Iveco Daily 29L13V 3000 H2 2.3 specs,https://www.cars-data.com/en/iveco-daily-29l13v-3000-h2-2-3-specs/114699
Iveco,Iveco Daily,2012 Iveco Daily 29L13V 3000L H1 2.3 specs,https://www.cars-data.com/en/iveco-daily-29l13v-3000l-h1-2-3-specs/114700
Iveco,Iveco Daily,2012 Iveco Daily 29L13V 3000L H2 2.3 specs,https://www.cars-data.com/en/iveco-daily-29l13v-3000l-h2-2-3-specs/114701
Iveco,Iveco Daily,2012 Iveco Daily 29L13V 3300 H2 2.3 specs,https://www.cars-data.com/en/iveco-daily-29l13v-3300-h2-2-3-specs/114702
Iveco,Iveco Daily,2012 Iveco Daily 29L15V 3000 H1 2.3 specs,https://www.cars-data.com/en/iveco-daily-29l15v-3000-h1-2-3-specs/114703
Iveco,Iveco Daily,2012 Iveco Daily 29L15V 3000 H2 2.3 specs,https://www.cars-data.com/en/iveco-daily-29l15v-3000-h2-2-3-specs/114704
Iveco,Iveco Daily,2012 Iveco Daily 29L15V 3000L H1 2.3 specs,https://www.cars-data.com/en/iveco-daily-29l15v-3000l-h1-2-3-specs/114705
Iveco,Iveco Daily,2012 Iveco Daily 29L15V 3000L H2 2.3 specs,https://www.cars-data.com/en/iveco-daily-29l15v-3000l-h2-2-3-specs/114706
Iveco,Iveco Daily,2012 Iveco Daily 29L15V 3300 H2 2.3 specs,https://www.cars-data.com/en/iveco-daily-29l15v-3300-h2-2-3-specs/114707
Iveco,Iveco Daily,2012 Iveco Daily 35S11V 3000 H1 2.3 specs,https://www.cars-data.com/en/iveco-daily-35s11v-3000-h1-2-3-specs/114708
Iveco,Iveco Daily,2012 Iveco Daily 35S11V 3000 H2 2.3 specs,https://www.cars-data.com/en/iveco-daily-35s11v-3000-h2-2-3-specs/114709
Iveco,Iveco Daily,2012 Iveco Daily 35S11V 3000L H1 2.3 specs,https://www.cars-data.com/en/iveco-daily-35s11v-3000l-h1-2-3-specs/114710
Iveco,Iveco Daily,2012 Iveco Daily 35S11V 3000L H2 2.3 specs,https://www.cars-data.com/en/iveco-daily-35s11v-3000l-h2-2-3-specs/114711
Iveco,Iveco Daily,2012 Iveco Daily 35S11V 3300 H2 2.3 specs,https://www.cars-data.com/en/iveco-daily-35s11v-3300-h2-2-3-specs/114712
Iveco,Iveco Daily,2012 Iveco Daily 35S11V 3300 H3 2.3 specs,https://www.cars-data.com/en/iveco-daily-35s11v-3300-h3-2-3-specs/114713
Iveco,Iveco Daily,2012 Iveco Daily 35S11V 3950 H2 2.3 specs,https://www.cars-data.com/en/iveco-daily-35s11v-3950-h2-2-3-specs/114714
Iveco,Iveco Daily,2012 Iveco Daily 35S11V 3950 H3 2.3 specs,https://www.cars-data.com/en/iveco-daily-35s11v-3950-h3-2-3-specs/114715
Iveco,Iveco Daily,2012 Iveco Daily 35S13V 3000 H1 2.3 specs,https://www.cars-data.com/en/iveco-daily-35s13v-3000-h1-2-3-specs/114716
Iveco,Iveco Daily,2012 Iveco Daily 35S13V 3000 H2 2.3 specs,https://www.cars-data.com/en/iveco-daily-35s13v-3000-h2-2-3-specs/114717
Iveco,Iveco Daily,2012 Iveco Daily 35S13V 3000L H1 2.3 specs,https://www.cars-data.com/en/iveco-daily-35s13v-3000l-h1-2-3-specs/114718
Iveco,Iveco Daily,2012 Iveco Daily 35S13V 3000L H2 2.3 specs,https://www.cars-data.com/en/iveco-daily-35s13v-3000l-h2-2-3-specs/114719
Iveco,Iveco Daily,2012 Iveco Daily 35S13V 3300 H2 2.3 specs,https://www.cars-data.com/en/iveco-daily-35s13v-3300-h2-2-3-specs/114720
Iveco,Iveco Daily,2012 Iveco Daily 35S13V 3300 H3 2.3 specs,https://www.cars-data.com/en/iveco-daily-35s13v-3300-h3-2-3-specs/114721
Iveco,Iveco Daily,2012 Iveco Daily 35S13V 3950 H2 2.3 specs,https://www.cars-data.com/en/iveco-daily-35s13v-3950-h2-2-3-specs/114722
Iveco,Iveco Daily,2012 Iveco Daily 35S13V 3950 H3 2.3 specs,https://www.cars-data.com/en/iveco-daily-35s13v-3950-h3-2-3-specs/114723
Iveco,Iveco Daily,2012 Iveco Daily 35S15V 3000 H1 2.3 specs,https://www.cars-data.com/en/iveco-daily-35s15v-3000-h1-2-3-specs/114724
Iveco,Iveco Daily,2012 Iveco Daily 35S15V 3000 H2 2.3 specs,https://www.cars-data.com/en/iveco-daily-35s15v-3000-h2-2-3-specs/114725
Iveco,Iveco Daily,2012 Iveco Daily 35S15V 3000L H1 2.3 specs,https://www.cars-data.com/en/iveco-daily-35s15v-3000l-h1-2-3-specs/114726
Iveco,Iveco Daily,2012 Iveco Daily 35S15V 3000L H2 2.3 specs,https://www.cars-data.com/en/iveco-daily-35s15v-3000l-h2-2-3-specs/114727
Iveco,Iveco Daily,2012 Iveco Daily 35S15V 3300 H2 2.3 specs,https://www.cars-data.com/en/iveco-daily-35s15v-3300-h2-2-3-specs/114728
Iveco,Iveco Daily,2012 Iveco Daily 35S15V 3300 H3 2.3 specs,https://www.cars-data.com/en/iveco-daily-35s15v-3300-h3-2-3-specs/114729
Iveco,Iveco Daily,2012 Iveco Daily 35S15V 3950 H2 2.3 specs,https://www.cars-data.com/en/iveco-daily-35s15v-3950-h2-2-3-specs/114730
Iveco,Iveco Daily,2012 Iveco Daily 35S15V 3950 H3 2.3 specs,https://www.cars-data.com/en/iveco-daily-35s15v-3950-h3-2-3-specs/114731
Iveco,Iveco Daily,2012 Iveco Daily 35S17V 3000 H1 3.0 specs,https://www.cars-data.com/en/iveco-daily-35s17v-3000-h1-3-0-specs/114732
Iveco,Iveco Daily,2012 Iveco Daily 35S17V 3000 H2 3.0 specs,https://www.cars-data.com/en/iveco-daily-35s17v-3000-h2-3-0-specs/114733
Iveco,Iveco Daily,2012 Iveco Daily 35S17V 3000L H1 3.0 specs,https://www.cars-data.com/en/iveco-daily-35s17v-3000l-h1-3-0-specs/114734
Iveco,Iveco Daily,2012 Iveco Daily 35S17V 3000L H2 3.0 specs,https://www.cars-data.com/en/iveco-daily-35s17v-3000l-h2-3-0-specs/114735
Iveco,Iveco Daily,2012 Iveco Daily 35S17V 3300 H2 3.0 specs,https://www.cars-data.com/en/iveco-daily-35s17v-3300-h2-3-0-specs/114736
Iveco,Iveco Daily,2012 Iveco Daily 35S17V 3300 H3 3.0 specs,https://www.cars-data.com/en/iveco-daily-35s17v-3300-h3-3-0-specs/114737
Iveco,Iveco Daily,2012 Iveco Daily 35S17V 3950 H2 3.0 specs,https://www.cars-data.com/en/iveco-daily-35s17v-3950-h2-3-0-specs/114738
Iveco,Iveco Daily,2012 Iveco Daily 35S17V 3950 H3 3.0 specs,https://www.cars-data.com/en/iveco-daily-35s17v-3950-h3-3-0-specs/114739
Iveco,Iveco Daily,2012 Iveco Daily 35S21V 3000 H1 3.0 specs,https://www.cars-data.com/en/iveco-daily-35s21v-3000-h1-3-0-specs/114740
Iveco,Iveco Daily,2012 Iveco Daily 35S21V 3000 H2 3.0 specs,https://www.cars-data.com/en/iveco-daily-35s21v-3000-h2-3-0-specs/114741
Iveco,Iveco Daily,2012 Iveco Daily 35S21V 3000L H1 3.0 specs,https://www.cars-data.com/en/iveco-daily-35s21v-3000l-h1-3-0-specs/114742
Iveco,Iveco Daily,2012 Iveco Daily 35S21V 3000L H2 3.0 specs,https://www.cars-data.com/en/iveco-daily-35s21v-3000l-h2-3-0-specs/114743
Iveco,Iveco Daily,2012 Iveco Daily 35S21V 3300 H2 3.0 specs,https://www.cars-data.com/en/iveco-daily-35s21v-3300-h2-3-0-specs/114744
Iveco,Iveco Daily,2012 Iveco Daily 35S21V 3300 H3 3.0 specs,https://www.cars-data.com/en/iveco-daily-35s21v-3300-h3-3-0-specs/114745
Iveco,Iveco Daily,2012 Iveco Daily 35S21V 3950 H2 3.0 specs,https://www.cars-data.com/en/iveco-daily-35s21v-3950-h2-3-0-specs/114746
Iveco,Iveco Daily,2012 Iveco Daily 35S21V 3950 H3 3.0 specs,https://www.cars-data.com/en/iveco-daily-35s21v-3950-h3-3-0-specs/114747
Iveco,Iveco Daily,2012 Iveco Daily 35S14GV 3300 H2 specs,https://www.cars-data.com/en/iveco-daily-35s14gv-3300-h2-specs/114748
Iveco,Iveco Daily,2012 Iveco Daily 35S14GV 3300 H3 specs,https://www.cars-data.com/en/iveco-daily-35s14gv-3300-h3-specs/114749
Iveco,Iveco Daily,2012 Iveco Daily 35S14GV 3950 H2 specs,https://www.cars-data.com/en/iveco-daily-35s14gv-3950-h2-specs/114750
Iveco,Iveco Daily,2012 Iveco Daily 35S14GV 3950 H3 specs,https://www.cars-data.com/en/iveco-daily-35s14gv-3950-h3-specs/114751
Jaguar,Jaguar F-Pace,2015 Jaguar F-Pace 35t AWD Pure specs,https://www.cars-data.com/en/jaguar-f-pace-35t-awd-pure-specs/70491
Jaguar,Jaguar F-Pace,2015 Jaguar F-Pace 35t AWD Prestige specs,https://www.cars-data.com/en/jaguar-f-pace-35t-awd-prestige-specs/70492
Jaguar,Jaguar F-Pace,2015 Jaguar F-Pace 35t AWD R-Sport specs,https://www.cars-data.com/en/jaguar-f-pace-35t-awd-r-sport-specs/70493
Jaguar,Jaguar F-Pace,2015 Jaguar F-Pace 35t AWD Portfolio specs,https://www.cars-data.com/en/jaguar-f-pace-35t-awd-portfolio-specs/70494
Jaguar,Jaguar F-Pace,2015 Jaguar F-Pace S AWD specs,https://www.cars-data.com/en/jaguar-f-pace-s-awd-specs/70495
Jaguar,Jaguar F-Pace,2015 Jaguar F-Pace S AWD First Edition specs,https://www.cars-data.com/en/jaguar-f-pace-s-awd-first-edition-specs/70496
Jaguar,Jaguar F-Pace,2015 Jaguar F-Pace 20d 180hp Pure specs,https://www.cars-data.com/en/jaguar-f-pace-20d-180hp-pure-specs/70497
Jaguar,Jaguar F-Pace,2015 Jaguar F-Pace 20d 180hp Prestige specs,https://www.cars-data.com/en/jaguar-f-pace-20d-180hp-prestige-specs/70498
Jaguar,Jaguar F-Pace,2015 Jaguar F-Pace 20d 180hp R-Sport specs,https://www.cars-data.com/en/jaguar-f-pace-20d-180hp-r-sport-specs/70499
Jaguar,Jaguar F-Pace,2015 Jaguar F-Pace 20d 180hp Portfolio specs,https://www.cars-data.com/en/jaguar-f-pace-20d-180hp-portfolio-specs/70500
Jaguar,Jaguar F-Pace,2015 Jaguar F-Pace 20d 180hp AWD Pure specs,https://www.cars-data.com/en/jaguar-f-pace-20d-180hp-awd-pure-specs/70501
Jaguar,Jaguar F-Pace,2015 Jaguar F-Pace 20d 180hp AWD Pure specs,https://www.cars-data.com/en/jaguar-f-pace-20d-180hp-awd-pure-specs/70505
Jaguar,Jaguar F-Pace,2015 Jaguar F-Pace 20d 180hp AWD Prestige specs,https://www.cars-data.com/en/jaguar-f-pace-20d-180hp-awd-prestige-specs/70502
Jaguar,Jaguar F-Pace,2015 Jaguar F-Pace 20d 180hp AWD Prestige specs,https://www.cars-data.com/en/jaguar-f-pace-20d-180hp-awd-prestige-specs/70506
Jaguar,Jaguar F-Pace,2015 Jaguar F-Pace 20d 180hp AWD R-Sport specs,https://www.cars-data.com/en/jaguar-f-pace-20d-180hp-awd-r-sport-specs/70503
Jaguar,Jaguar F-Pace,2015 Jaguar F-Pace 20d 180hp AWD R-Sport specs,https://www.cars-data.com/en/jaguar-f-pace-20d-180hp-awd-r-sport-specs/70507
Jaguar,Jaguar F-Pace,2015 Jaguar F-Pace 20d 180hp AWD Portfolio specs,https://www.cars-data.com/en/jaguar-f-pace-20d-180hp-awd-portfolio-specs/70504
Jaguar,Jaguar F-Pace,2015 Jaguar F-Pace 20d 180hp AWD Portfolio specs,https://www.cars-data.com/en/jaguar-f-pace-20d-180hp-awd-portfolio-specs/70508
Jaguar,Jaguar F-Pace,2015 Jaguar F-Pace 30d AWD Pure specs,https://www.cars-data.com/en/jaguar-f-pace-30d-awd-pure-specs/70509
Jaguar,Jaguar F-Pace,2015 Jaguar F-Pace 30d AWD Prestige specs,https://www.cars-data.com/en/jaguar-f-pace-30d-awd-prestige-specs/70510
Jaguar,Jaguar F-Pace,2015 Jaguar F-Pace 30d AWD R-Sport specs,https://www.cars-data.com/en/jaguar-f-pace-30d-awd-r-sport-specs/70511
Jaguar,Jaguar F-Pace,2015 Jaguar F-Pace 30d AWD Portfolio specs,https://www.cars-data.com/en/jaguar-f-pace-30d-awd-portfolio-specs/70512
Jaguar,Jaguar F-Pace,2015 Jaguar F-Pace 30d AWD First Edition specs,https://www.cars-data.com/en/jaguar-f-pace-30d-awd-first-edition-specs/70513
Jeep,Jeep Renegade,2014 Jeep Renegade 1.4 MultiAir Latitude specs,https://www.cars-data.com/en/jeep-renegade-1-4-multiair-latitude-specs/67360
Jeep,Jeep Renegade,2014 Jeep Renegade 1.4 MultiAir Longitude specs,https://www.cars-data.com/en/jeep-renegade-1-4-multiair-longitude-specs/67361
Jeep,Jeep Renegade,2014 Jeep Renegade 1.4 MultiAir Limited specs,https://www.cars-data.com/en/jeep-renegade-1-4-multiair-limited-specs/67363
Jeep,Jeep Renegade,2014 Jeep Renegade 1.4 MultiAir Opening Edition specs,https://www.cars-data.com/en/jeep-renegade-1-4-multiair-opening-edition-specs/67365
Jeep,Jeep Renegade,2014 Jeep Renegade 1.6 MultiJet Sport specs,https://www.cars-data.com/en/jeep-renegade-1-6-multijet-sport-specs/67367
Jeep,Jeep Renegade,2014 Jeep Renegade 1.6 MultiJet Longitude specs,https://www.cars-data.com/en/jeep-renegade-1-6-multijet-longitude-specs/67368
Jeep,Jeep Renegade,2014 Jeep Renegade 1.6 MultiJet Limited specs,https://www.cars-data.com/en/jeep-renegade-1-6-multijet-limited-specs/67369
Jeep,Jeep Renegade,2014 Jeep Renegade 1.6 MultiJet Opening Edition specs,https://www.cars-data.com/en/jeep-renegade-1-6-multijet-opening-edition-specs/67370
Jeep,Jeep Renegade,2014 Jeep Renegade 2.0 MultiJet AWD Limited specs,https://www.cars-data.com/en/jeep-renegade-2-0-multijet-awd-limited-specs/67371
Jeep,Jeep Renegade,2014 Jeep Renegade 2.0 MultiJet AWD Opening Edition specs,https://www.cars-data.com/en/jeep-renegade-2-0-multijet-awd-opening-edition-specs/67372
Jeep,Jeep Renegade,2014 Jeep Renegade 2.0 MultiJet 4WD Limited specs,https://www.cars-data.com/en/jeep-renegade-2-0-multijet-4wd-limited-specs/67373
Jeep,Jeep Renegade,2014 Jeep Renegade 2.0 MultiJet 4WD Trailhawk specs,https://www.cars-data.com/en/jeep-renegade-2-0-multijet-4wd-trailhawk-specs/67374
Josse,Josse Indigo 3000,1998 Josse Indigo 3000 specs,https://www.cars-data.com/en/josse-indigo-3000-specs/59791
Kia,Kia e-Niro,2019 Kia E-Niro 64kWh DynamicLine specs,https://www.cars-data.com/en/kia-e-niro-64kwh-dynamicline-specs/81523
Kia,Kia e-Niro,2019 Kia E-Niro 64kWh ExecutiveLine specs,https://www.cars-data.com/en/kia-e-niro-64kwh-executiveline-specs/81524
Lada,Lada Priora 2172,2010 Lada Priora 2172 1.6 specs,https://www.cars-data.com/en/lada-priora-2172-1-6-specs/19646
Lamborghini,Lamborghini HuracÃ¡n,2014 Lamborghini Huracan LP610-4 specs,https://www.cars-data.com/en/lamborghini-huracan-lp610-4-specs/67416
Lancia,Lancia Voyager,2011 Lancia Voyager 3.6 V6 Pentastar Gold specs,https://www.cars-data.com/en/lancia-voyager-3-6-v6-pentastar-gold-specs/20048
Lancia,Lancia Voyager,2011 Lancia Voyager 2.8 Multijet Gold specs,https://www.cars-data.com/en/lancia-voyager-2-8-multijet-gold-specs/20051
Land Rover,Land Rover Discovery Sport,2014 Land Rover Discovery Sport Si4 S specs,https://www.cars-data.com/en/land-rover-discovery-sport-si4-s-specs/67417
Land Rover,Land Rover Discovery Sport,2014 Land Rover Discovery Sport Si4 SE specs,https://www.cars-data.com/en/land-rover-discovery-sport-si4-se-specs/67418
Land Rover,Land Rover Discovery Sport,2014 Land Rover Discovery Sport Si4 HSE specs,https://www.cars-data.com/en/land-rover-discovery-sport-si4-hse-specs/67419
Land Rover,Land Rover Discovery Sport,2014 Land Rover Discovery Sport Si4 HSE Luxury specs,https://www.cars-data.com/en/land-rover-discovery-sport-si4-hse-luxury-specs/67420
Land Rover,Land Rover Discovery Sport,2014 Land Rover Discovery Sport ED4 S specs,https://www.cars-data.com/en/land-rover-discovery-sport-ed4-s-specs/67421
Land Rover,Land Rover Discovery Sport,2014 Land Rover Discovery Sport ED4 E-Capability SE specs,https://www.cars-data.com/en/land-rover-discovery-sport-ed4-e-capability-se-specs/67422
Land Rover,Land Rover Discovery Sport,2014 Land Rover Discovery Sport ED4 E-Capability HSE specs,https://www.cars-data.com/en/land-rover-discovery-sport-ed4-e-capability-hse-specs/67423
Land Rover,Land Rover Discovery Sport,2014 Land Rover Discovery Sport ED4 E-Capability HSE Luxury specs,https://www.cars-data.com/en/land-rover-discovery-sport-ed4-e-capability-hse-luxury-specs/67424
Land Rover,Land Rover Discovery Sport,2014 Land Rover Discovery Sport TD4 S specs,https://www.cars-data.com/en/land-rover-discovery-sport-td4-s-specs/67425
Land Rover,Land Rover Discovery Sport,2014 Land Rover Discovery Sport TD4 S specs,https://www.cars-data.com/en/land-rover-discovery-sport-td4-s-specs/67426
Land Rover,Land Rover Discovery Sport,2014 Land Rover Discovery Sport TD4 SE specs,https://www.cars-data.com/en/land-rover-discovery-sport-td4-se-specs/67427
Land Rover,Land Rover Discovery Sport,2014 Land Rover Discovery Sport TD4 SE specs,https://www.cars-data.com/en/land-rover-discovery-sport-td4-se-specs/67428
Land Rover,Land Rover Discovery Sport,2014 Land Rover Discovery Sport TD4 HSE specs,https://www.cars-data.com/en/land-rover-discovery-sport-td4-hse-specs/67429
Land Rover,Land Rover Discovery Sport,2014 Land Rover Discovery Sport TD4 HSE specs,https://www.cars-data.com/en/land-rover-discovery-sport-td4-hse-specs/67430
Land Rover,Land Rover Discovery Sport,2014 Land Rover Discovery Sport TD4 HSE Luxury specs,https://www.cars-data.com/en/land-rover-discovery-sport-td4-hse-luxury-specs/67431
Land Rover,Land Rover Discovery Sport,2014 Land Rover Discovery Sport TD4 HSE Luxury specs,https://www.cars-data.com/en/land-rover-discovery-sport-td4-hse-luxury-specs/67432
Land Rover,Land Rover Discovery Sport,2014 Land Rover Discovery Sport SD4 S specs,https://www.cars-data.com/en/land-rover-discovery-sport-sd4-s-specs/67433
Land Rover,Land Rover Discovery Sport,2014 Land Rover Discovery Sport SD4 S specs,https://www.cars-data.com/en/land-rover-discovery-sport-sd4-s-specs/67434
Land Rover,Land Rover Discovery Sport,2014 Land Rover Discovery Sport SD4 SE specs,https://www.cars-data.com/en/land-rover-discovery-sport-sd4-se-specs/67435
Land Rover,Land Rover Discovery Sport,2014 Land Rover Discovery Sport SD4 SE specs,https://www.cars-data.com/en/land-rover-discovery-sport-sd4-se-specs/67436
Land Rover,Land Rover Discovery Sport,2014 Land Rover Discovery Sport SD4 HSE specs,https://www.cars-data.com/en/land-rover-discovery-sport-sd4-hse-specs/67437
Land Rover,Land Rover Discovery Sport,2014 Land Rover Discovery Sport SD4 HSE specs,https://www.cars-data.com/en/land-rover-discovery-sport-sd4-hse-specs/67438
Land Rover,Land Rover Discovery Sport,2014 Land Rover Discovery Sport SD4 HSE Luxury specs,https://www.cars-data.com/en/land-rover-discovery-sport-sd4-hse-luxury-specs/67439
Land Rover,Land Rover Discovery Sport,2014 Land Rover Discovery Sport SD4 HSE Luxury specs,https://www.cars-data.com/en/land-rover-discovery-sport-sd4-hse-luxury-specs/67440
Landwind,Landwind Landwind,2005 Landwind Landwind 2.0 2WD specs,https://www.cars-data.com/en/landwind-landwind-2-0-2wd-specs/59616
Landwind,Landwind Landwind,2005 Landwind Landwind 2.4 2WD specs,https://www.cars-data.com/en/landwind-landwind-2-4-2wd-specs/59618
Landwind,Landwind Landwind,2005 Landwind Landwind 2.4 4WD specs,https://www.cars-data.com/en/landwind-landwind-2-4-4wd-specs/59619
Landwind,Landwind Landwind,2005 Landwind Landwind 2.8 Diesel 2WD specs,https://www.cars-data.com/en/landwind-landwind-2-8-diesel-2wd-specs/59620
Landwind,Landwind Landwind,2005 Landwind Landwind 2.8 Diesel 4WD specs,https://www.cars-data.com/en/landwind-landwind-2-8-diesel-4wd-specs/59621
Lexus,Lexus UX,2019 Lexus UX 250h specs,https://www.cars-data.com/en/lexus-ux-250h-specs/81963
Lexus,Lexus UX,2019 Lexus UX 250h Business Line specs,https://www.cars-data.com/en/lexus-ux-250h-business-line-specs/81964
Lexus,Lexus UX,2019 Lexus UX 250h First Edition specs,https://www.cars-data.com/en/lexus-ux-250h-first-edition-specs/81965
Lexus,Lexus UX,2019 Lexus UX 250h Luxury Line specs,https://www.cars-data.com/en/lexus-ux-250h-luxury-line-specs/81966
Lexus,Lexus UX,2019 Lexus UX 250h Executive Line specs,https://www.cars-data.com/en/lexus-ux-250h-executive-line-specs/81967
Lexus,Lexus UX,2019 Lexus UX 250h AWD Executive Line specs,https://www.cars-data.com/en/lexus-ux-250h-awd-executive-line-specs/81968
Lincoln,Lincoln Town Car,1994 Lincoln Town Car specs,https://www.cars-data.com/en/lincoln-town-car-specs/59797
Lotus,Lotus Exige,2000 Lotus Exige specs,https://www.cars-data.com/en/lotus-exige-specs/20770
Marcos,Marcos Mantara,1994 Marcos Mantara Spyder specs,https://www.cars-data.com/en/marcos-mantara-spyder-specs/59802
Maserati,Maserati GranTurismo,2007 Maserati GranTurismo specs,https://www.cars-data.com/en/maserati-granturismo-specs/20776
Maybach,Maybach 62,2002 Maybach 62 specs,https://www.cars-data.com/en/maybach-62-specs/20801
Mazda,Mazda MX-5 RF,2017 Mazda MX-5 RF SkyActiv-G 131 TS specs,https://www.cars-data.com/en/mazda-mx-5-rf-skyactiv-g-131-ts-specs/76272
Mazda,Mazda MX-5 RF,2017 Mazda MX-5 RF SkyActiv-G 131 TS+ specs,https://www.cars-data.com/en/mazda-mx-5-rf-skyactiv-g-131-ts-specs/76273
Mazda,Mazda MX-5 RF,2017 Mazda MX-5 RF SkyActiv-G 131 GT-M specs,https://www.cars-data.com/en/mazda-mx-5-rf-skyactiv-g-131-gt-m-specs/76274
Mazda,Mazda MX-5 RF,2017 Mazda MX-5 RF SkyActiv-G 160 GT-M specs,https://www.cars-data.com/en/mazda-mx-5-rf-skyactiv-g-160-gt-m-specs/76275
Mazda,Mazda MX-5 RF,2017 Mazda MX-5 RF SkyActiv-G 160 GT-M specs,https://www.cars-data.com/en/mazda-mx-5-rf-skyactiv-g-160-gt-m-specs/76276
McLaren,Mclaren 720S,2017 Mclaren 720S specs,https://www.cars-data.com/en/mclaren-720s-specs/84618
Mega,Mega Tjaffer,1994 Mega Tjaffer 1.1i Cabrio specs,https://www.cars-data.com/en/mega-tjaffer-1-1i-cabrio-specs/59803
Mega,Mega Tjaffer,1994 Mega Tjaffer 1.4 Cabrio Diesel specs,https://www.cars-data.com/en/mega-tjaffer-1-4-cabrio-diesel-specs/59805
Mercedes-Benz,Mercedes-Benz eSprinter,2020 Mercedes-Benz ESprinter GB L2 specs,https://www.cars-data.com/en/mercedes-benz-esprinter-gb-l2-specs/126492
Mercury,Mercury Sable,1992 Mercury Sable GS specs,https://www.cars-data.com/en/mercury-sable-gs-specs/59810
Mercury,Mercury Sable,1992 Mercury Sable LS specs,https://www.cars-data.com/en/mercury-sable-ls-specs/59811
MG,MG ZS,2004 MG ZS 120 specs,https://www.cars-data.com/en/mg-zs-120-specs/25581
MG,MG ZS,2004 MG ZS 120 specs,https://www.cars-data.com/en/mg-zs-120-specs/25582
MG,MG ZS,2004 MG ZS 180 specs,https://www.cars-data.com/en/mg-zs-180-specs/25583
MG,MG ZS,2004 MG ZS 115 IDT specs,https://www.cars-data.com/en/mg-zs-115-idt-specs/25584
Mini,Mini Roadster,2012 Mini Roadster Cooper specs,https://www.cars-data.com/en/mini-roadster-cooper-specs/26118
Mini,Mini Roadster,2012 Mini Roadster Cooper specs,https://www.cars-data.com/en/mini-roadster-cooper-specs/26119
Mini,Mini Roadster,2012 Mini Roadster Cooper S specs,https://www.cars-data.com/en/mini-roadster-cooper-s-specs/26120
Mini,Mini Roadster,2012 Mini Roadster Cooper S specs,https://www.cars-data.com/en/mini-roadster-cooper-s-specs/26121
Mini,Mini Roadster,2012 Mini Roadster John Cooper Works specs,https://www.cars-data.com/en/mini-roadster-john-cooper-works-specs/26122
Mini,Mini Roadster,2012 Mini Roadster John Cooper Works specs,https://www.cars-data.com/en/mini-roadster-john-cooper-works-specs/26123
Mini,Mini Roadster,2012 Mini Roadster Cooper SD specs,https://www.cars-data.com/en/mini-roadster-cooper-sd-specs/26124
Mini,Mini Roadster,2012 Mini Roadster Cooper SD specs,https://www.cars-data.com/en/mini-roadster-cooper-sd-specs/26125
Mitsubishi,Mitsubishi L200 Double Cab,2015 Mitsubishi L200 Double Cab 2.4 DI-D ClearTec Invite specs,https://www.cars-data.com/en/mitsubishi-l200-double-cab-2-4-di-d-cleartec-invite-specs/70761
Mitsubishi,Mitsubishi L200 Double Cab,2015 Mitsubishi L200 Double Cab 2.4 DI-D ClearTec Intense specs,https://www.cars-data.com/en/mitsubishi-l200-double-cab-2-4-di-d-cleartec-intense-specs/70762
Mitsubishi,Mitsubishi L200 Double Cab,2015 Mitsubishi L200 Double Cab 2.4 DI-D Instyle specs,https://www.cars-data.com/en/mitsubishi-l200-double-cab-2-4-di-d-instyle-specs/70763
Morgan,Morgan Aero Coupe,2012 Morgan Aero Coupe specs,https://www.cars-data.com/en/morgan-aero-coupe-specs/62971
Morgan,Morgan Aero Coupe,2012 Morgan Aero Coupe specs,https://www.cars-data.com/en/morgan-aero-coupe-specs/62972
Morris,Morris Marina,1979 Morris Marina 1300 L specs,https://www.cars-data.com/en/morris-marina-1300-l-specs/59822
Morris,Morris Marina,1979 Morris Marina 1300 HL specs,https://www.cars-data.com/en/morris-marina-1300-hl-specs/59823
Morris,Morris Marina,1979 Morris Marina 1700 HL specs,https://www.cars-data.com/en/morris-marina-1700-hl-specs/59824
Nissan,Nissan NP300 Navara King Cab,2016 Nissan NP300 Navara King Cab 2.3 DCi 160 Visia specs,https://www.cars-data.com/en/nissan-np300-navara-king-cab-2-3-dci-160-visia-specs/131222
Nissan,Nissan NP300 Navara King Cab,2016 Nissan NP300 Navara King Cab 2.3 DCi 160 Acenta specs,https://www.cars-data.com/en/nissan-np300-navara-king-cab-2-3-dci-160-acenta-specs/131223
Nissan,Nissan NP300 Navara King Cab,2016 Nissan NP300 Navara King Cab 2.3 DCi 160 Optima specs,https://www.cars-data.com/en/nissan-np300-navara-king-cab-2-3-dci-160-optima-specs/131224
Nissan,Nissan NP300 Navara King Cab,2016 Nissan NP300 Navara King Cab 2.3 DCi 160 N-Connecta specs,https://www.cars-data.com/en/nissan-np300-navara-king-cab-2-3-dci-160-n-connecta-specs/131225
Nissan,Nissan NP300 Navara King Cab,2016 Nissan NP300 Navara King Cab 2.3 DCi 160 Tekna specs,https://www.cars-data.com/en/nissan-np300-navara-king-cab-2-3-dci-160-tekna-specs/131226
Noble,Noble M400,2005 Noble M400 specs,https://www.cars-data.com/en/noble-m400-specs/59826
Opel,Opel Corsa-e,2019 Opel Corsa-e 11kW Edition specs,https://www.cars-data.com/en/opel-corsa-e-11kw-edition-specs/136168
Opel,Opel Corsa-e,2019 Opel Corsa-e 11kW Elegance specs,https://www.cars-data.com/en/opel-corsa-e-11kw-elegance-specs/136170
Opel,Opel Corsa-e,2019 Opel Corsa-e 11kW Launch Edition specs,https://www.cars-data.com/en/opel-corsa-e-11kw-launch-edition-specs/83240
Peugeot,Peugeot e-Expert Combi,2020 Peugeot E-Expert Combi Compact 50kWh specs,https://www.cars-data.com/en/peugeot-e-expert-combi-compact-50kwh-specs/145005
Peugeot,Peugeot e-Expert Combi,2020 Peugeot E-Expert Combi Standard 50kWh specs,https://www.cars-data.com/en/peugeot-e-expert-combi-standard-50kwh-specs/145006
Peugeot,Peugeot e-Expert Combi,2020 Peugeot E-Expert Combi Standard 75kWh specs,https://www.cars-data.com/en/peugeot-e-expert-combi-standard-75kwh-specs/145007
Peugeot,Peugeot e-Expert Combi,2020 Peugeot E-Expert Combi Long 50kWh specs,https://www.cars-data.com/en/peugeot-e-expert-combi-long-50kwh-specs/145008
Peugeot,Peugeot e-Expert Combi,2020 Peugeot E-Expert Combi Long 75kWh specs,https://www.cars-data.com/en/peugeot-e-expert-combi-long-75kwh-specs/145009
PGO,PGO Speedster 2,2005 PGO Speedster 2 specs,https://www.cars-data.com/en/pgo-speedster-2-specs/59827
PGO,PGO Speedster 2,2005 PGO Speedster 2 Vintage specs,https://www.cars-data.com/en/pgo-speedster-2-vintage-specs/59828
PGO,PGO Speedster 2,2005 PGO Speedster 2 Classique specs,https://www.cars-data.com/en/pgo-speedster-2-classique-specs/59829
PGO,PGO Speedster 2,2005 PGO Speedster 2 Dynamique specs,https://www.cars-data.com/en/pgo-speedster-2-dynamique-specs/59830
PGO,PGO Speedster 2,2005 PGO Speedster 2 Executief specs,https://www.cars-data.com/en/pgo-speedster-2-executief-specs/59831
PGO,PGO Speedster 2,2005 PGO Speedster 2 Look Cevennes specs,https://www.cars-data.com/en/pgo-speedster-2-look-cevennes-specs/59832
Polestar,Polestar 2,2020 Polestar 2 Intro specs,https://www.cars-data.com/en/polestar-2-intro-specs/145306
Pontiac,Pontiac Firebird Coupe,1990 Pontiac Firebird Coupe specs,https://www.cars-data.com/en/pontiac-firebird-coupe-specs/59834
Pontiac,Pontiac Firebird Coupe,1990 Pontiac Firebird Trans Am specs,https://www.cars-data.com/en/pontiac-firebird-trans-am-specs/59835
Porsche,Porsche Panamera Sport Turismo,2017 Porsche Panamera 4 Sport Turismo specs,https://www.cars-data.com/en/porsche-panamera-4-sport-turismo-specs/83630
Porsche,Porsche Panamera Sport Turismo,2017 Porsche Panamera 4 E-Hybrid Sport Turismo specs,https://www.cars-data.com/en/porsche-panamera-4-e-hybrid-sport-turismo-specs/83631
Porsche,Porsche Panamera Sport Turismo,2017 Porsche Panamera 4S Sport Turismo specs,https://www.cars-data.com/en/porsche-panamera-4s-sport-turismo-specs/83632
Porsche,Porsche Panamera Sport Turismo,2017 Porsche Panamera Turbo Sport Turismo specs,https://www.cars-data.com/en/porsche-panamera-turbo-sport-turismo-specs/83634
Porsche,Porsche Panamera Sport Turismo,2017 Porsche Panamera 4S Diesel Sport Turismo specs,https://www.cars-data.com/en/porsche-panamera-4s-diesel-sport-turismo-specs/83636
Princess,Princess 2000,1978 Princess 2000 specs,https://www.cars-data.com/en/princess-2000-specs/59855
Renault,Renault Talisman,2016 Renault Talisman TCe 150 Intens specs,https://www.cars-data.com/en/renault-talisman-tce-150-intens-specs/71418
Renault,Renault Talisman,2016 Renault Talisman TCe 200 Intens specs,https://www.cars-data.com/en/renault-talisman-tce-200-intens-specs/71419
Renault,Renault Talisman,2016 Renault Talisman TCe 200 Initiale Paris specs,https://www.cars-data.com/en/renault-talisman-tce-200-initiale-paris-specs/71420
Renault,Renault Talisman,2016 Renault Talisman DCi 110 Life specs,https://www.cars-data.com/en/renault-talisman-dci-110-life-specs/71421
Renault,Renault Talisman,2016 Renault Talisman DCi 110 Zen specs,https://www.cars-data.com/en/renault-talisman-dci-110-zen-specs/71422
Renault,Renault Talisman,2016 Renault Talisman DCi 110 Zen specs,https://www.cars-data.com/en/renault-talisman-dci-110-zen-specs/71423
Renault,Renault Talisman,2016 Renault Talisman DCi 110 Intens specs,https://www.cars-data.com/en/renault-talisman-dci-110-intens-specs/71424
Renault,Renault Talisman,2016 Renault Talisman DCi 110 Intens specs,https://www.cars-data.com/en/renault-talisman-dci-110-intens-specs/71425
Renault,Renault Talisman,2016 Renault Talisman DCi 130 Intens specs,https://www.cars-data.com/en/renault-talisman-dci-130-intens-specs/71426
Renault,Renault Talisman,2016 Renault Talisman DCi 130 Intens specs,https://www.cars-data.com/en/renault-talisman-dci-130-intens-specs/71427
Renault,Renault Talisman,2016 Renault Talisman DCi 130 Initiale Paris specs,https://www.cars-data.com/en/renault-talisman-dci-130-initiale-paris-specs/71428
Renault,Renault Talisman,2016 Renault Talisman DCi 160 Intens specs,https://www.cars-data.com/en/renault-talisman-dci-160-intens-specs/71429
Renault,Renault Talisman,2016 Renault Talisman DCi 160 Initiale Paris specs,https://www.cars-data.com/en/renault-talisman-dci-160-initiale-paris-specs/71430
Renault,Renault Talisman,2016 Renault Talisman TCe 150 Zen specs,https://www.cars-data.com/en/renault-talisman-tce-150-zen-specs/71417
Rolls-Royce,Rolls-Royce Wraith,2014 Rolls-Royce Wraith specs,https://www.cars-data.com/en/rolls-royce-wraith-specs/63310
Rover,Rover 75 Tourer,2001 Rover 75 Tourer 1.8 Business specs,https://www.cars-data.com/en/rover-75-tourer-1-8-business-specs/41273
Rover,Rover 75 Tourer,2001 Rover 75 Tourer 1.8 specs,https://www.cars-data.com/en/rover-75-tourer-1-8-specs/41275
Rover,Rover 75 Tourer,2001 Rover 75 Tourer 1.8 specs,https://www.cars-data.com/en/rover-75-tourer-1-8-specs/41276
Rover,Rover 75 Tourer,2001 Rover 75 Tourer 1.8 Club specs,https://www.cars-data.com/en/rover-75-tourer-1-8-club-specs/41279
Rover,Rover 75 Tourer,2001 Rover 75 Tourer 1.8 Club specs,https://www.cars-data.com/en/rover-75-tourer-1-8-club-specs/41280
Rover,Rover 75 Tourer,2001 Rover 75 Tourer 2.0 V6 Club specs,https://www.cars-data.com/en/rover-75-tourer-2-0-v6-club-specs/41291
Rover,Rover 75 Tourer,2001 Rover 75 Tourer 2.0 V6 Club specs,https://www.cars-data.com/en/rover-75-tourer-2-0-v6-club-specs/41292
Rover,Rover 75 Tourer,2001 Rover 75 Tourer 2.0 V6 Sterling specs,https://www.cars-data.com/en/rover-75-tourer-2-0-v6-sterling-specs/41293
Rover,Rover 75 Tourer,2001 Rover 75 Tourer 2.0 V6 Sterling specs,https://www.cars-data.com/en/rover-75-tourer-2-0-v6-sterling-specs/41294
Rover,Rover 75 Tourer,2001 Rover 75 Tourer 2.5 V6 Club specs,https://www.cars-data.com/en/rover-75-tourer-2-5-v6-club-specs/41296
Rover,Rover 75 Tourer,2001 Rover 75 Tourer 2.5 V6 Sterling specs,https://www.cars-data.com/en/rover-75-tourer-2-5-v6-sterling-specs/41297
Rover,Rover 75 Tourer,2001 Rover 75 Tourer 2.0 CDT Business specs,https://www.cars-data.com/en/rover-75-tourer-2-0-cdt-business-specs/41298
Rover,Rover 75 Tourer,2001 Rover 75 Tourer 2.0 CDT specs,https://www.cars-data.com/en/rover-75-tourer-2-0-cdt-specs/41300
Rover,Rover 75 Tourer,2001 Rover 75 Tourer 2.0 CDT specs,https://www.cars-data.com/en/rover-75-tourer-2-0-cdt-specs/41301
Rover,Rover 75 Tourer,2001 Rover 75 Tourer 2.0 CDT Club specs,https://www.cars-data.com/en/rover-75-tourer-2-0-cdt-club-specs/41304
Rover,Rover 75 Tourer,2001 Rover 75 Tourer 2.0 CDT Club specs,https://www.cars-data.com/en/rover-75-tourer-2-0-cdt-club-specs/41305
Rover,Rover 75 Tourer,2001 Rover 75 Tourer 2.0 CDT Sterling specs,https://www.cars-data.com/en/rover-75-tourer-2-0-cdt-sterling-specs/41306
Rover,Rover 75 Tourer,2001 Rover 75 Tourer 2.0 CDT Sterling specs,https://www.cars-data.com/en/rover-75-tourer-2-0-cdt-sterling-specs/41307
Saab,Saab 9-7X,2005 Saab 9-7X 4.2 specs,https://www.cars-data.com/en/saab-9-7x-4-2-specs/42774
Saab,Saab 9-7X,2005 Saab 9-7X 5.3 V8 specs,https://www.cars-data.com/en/saab-9-7x-5-3-v8-specs/42775
Seat,Seat Tarraco,2019 Seat Tarraco 1.5 TSI Style specs,https://www.cars-data.com/en/seat-tarraco-1-5-tsi-style-specs/84115
Seat,Seat Tarraco,2019 Seat Tarraco 1.5 TSI Xcellence specs,https://www.cars-data.com/en/seat-tarraco-1-5-tsi-xcellence-specs/84116
Seat,Seat Tarraco,2019 Seat Tarraco 2.0 TSI 4Drive Xcellence specs,https://www.cars-data.com/en/seat-tarraco-2-0-tsi-4drive-xcellence-specs/84117
Seat,Seat Tarraco,2019 Seat Tarraco 2.0 TDI 150hp Style specs,https://www.cars-data.com/en/seat-tarraco-2-0-tdi-150hp-style-specs/84118
Seat,Seat Tarraco,2019 Seat Tarraco 2.0 TDI 150hp Xcellence specs,https://www.cars-data.com/en/seat-tarraco-2-0-tdi-150hp-xcellence-specs/84119
Seat,Seat Tarraco,2019 Seat Tarraco 2.0 TDI 150hp 4Drive Style specs,https://www.cars-data.com/en/seat-tarraco-2-0-tdi-150hp-4drive-style-specs/84120
Seat,Seat Tarraco,2019 Seat Tarraco 2.0 TDI 150hp 4Drive Xcellence specs,https://www.cars-data.com/en/seat-tarraco-2-0-tdi-150hp-4drive-xcellence-specs/84121
Seat,Seat Tarraco,2019 Seat Tarraco 2.0 TDI 190hp 4Drive Xcellence specs,https://www.cars-data.com/en/seat-tarraco-2-0-tdi-190hp-4drive-xcellence-specs/84122
Skoda,Skoda Kamiq,2019 Skoda Kamiq 1.0 TSI 95hp Greentech Active specs,https://www.cars-data.com/en/skoda-kamiq-1-0-tsi-95hp-greentech-active-specs/157081
Skoda,Skoda Kamiq,2019 Skoda Kamiq 1.0 TSI 116hp Greentech Active specs,https://www.cars-data.com/en/skoda-kamiq-1-0-tsi-116hp-greentech-active-specs/157091
Skoda,Skoda Kamiq,2019 Skoda Kamiq 1.0 TSI 116hp Greentech Ambition specs,https://www.cars-data.com/en/skoda-kamiq-1-0-tsi-116hp-greentech-ambition-specs/157092
Skoda,Skoda Kamiq,2019 Skoda Kamiq 1.0 TSI 116hp Greentech Ambition specs,https://www.cars-data.com/en/skoda-kamiq-1-0-tsi-116hp-greentech-ambition-specs/157093
Skoda,Skoda Kamiq,2019 Skoda Kamiq 1.0 TSI 116hp Greentech Sport Business specs,https://www.cars-data.com/en/skoda-kamiq-1-0-tsi-116hp-greentech-sport-business-specs/157094
Skoda,Skoda Kamiq,2019 Skoda Kamiq 1.0 TSI 116hp Greentech Sport Business specs,https://www.cars-data.com/en/skoda-kamiq-1-0-tsi-116hp-greentech-sport-business-specs/157095
Smart,Smart forfour,2004 Smart Forfour 1.1 Blackbasic specs,https://www.cars-data.com/en/smart-forfour-1-1-blackbasic-specs/46064
Smart,Smart forfour,2004 Smart Forfour 1.1 Pulse specs,https://www.cars-data.com/en/smart-forfour-1-1-pulse-specs/46067
Smart,Smart forfour,2004 Smart Forfour 1.1 Passion specs,https://www.cars-data.com/en/smart-forfour-1-1-passion-specs/46069
Smart,Smart forfour,2004 Smart Forfour 1.3 Pulse specs,https://www.cars-data.com/en/smart-forfour-1-3-pulse-specs/46073
Smart,Smart forfour,2004 Smart Forfour 1.3 Pulse specs,https://www.cars-data.com/en/smart-forfour-1-3-pulse-specs/46074
Smart,Smart forfour,2004 Smart Forfour 1.3 Passion specs,https://www.cars-data.com/en/smart-forfour-1-3-passion-specs/46075
Smart,Smart forfour,2004 Smart Forfour 1.3 Passion specs,https://www.cars-data.com/en/smart-forfour-1-3-passion-specs/46076
Smart,Smart forfour,2004 Smart Forfour 1.5 Pulse specs,https://www.cars-data.com/en/smart-forfour-1-5-pulse-specs/46077
Smart,Smart forfour,2004 Smart Forfour 1.5 Pulse specs,https://www.cars-data.com/en/smart-forfour-1-5-pulse-specs/46078
Smart,Smart forfour,2004 Smart Forfour 1.5 Passion specs,https://www.cars-data.com/en/smart-forfour-1-5-passion-specs/46079
Smart,Smart forfour,2004 Smart Forfour 1.5 Passion specs,https://www.cars-data.com/en/smart-forfour-1-5-passion-specs/46080
Smart,Smart forfour,2004 Smart Forfour 1.5 Sportstyle specs,https://www.cars-data.com/en/smart-forfour-1-5-sportstyle-specs/46081
Smart,Smart forfour,2004 Smart Forfour 1.5 Sportstyle specs,https://www.cars-data.com/en/smart-forfour-1-5-sportstyle-specs/46082
Smart,Smart forfour,2004 Smart Forfour 1.5 Cdi 50kW Blackbasic specs,https://www.cars-data.com/en/smart-forfour-1-5-cdi-50kw-blackbasic-specs/46084
Smart,Smart forfour,2004 Smart Forfour 1.5 Cdi 50kW Pulse specs,https://www.cars-data.com/en/smart-forfour-1-5-cdi-50kw-pulse-specs/46087
Smart,Smart forfour,2004 Smart Forfour 1.5 Cdi 50kW Pulse specs,https://www.cars-data.com/en/smart-forfour-1-5-cdi-50kw-pulse-specs/46088
Smart,Smart forfour,2004 Smart Forfour 1.5 Cdi 50kW Passion specs,https://www.cars-data.com/en/smart-forfour-1-5-cdi-50kw-passion-specs/46089
Smart,Smart forfour,2004 Smart Forfour 1.5 Cdi 50kW Passion specs,https://www.cars-data.com/en/smart-forfour-1-5-cdi-50kw-passion-specs/46090
Smart,Smart forfour,2004 Smart Forfour 1.5 Cdi 70kW Pulse specs,https://www.cars-data.com/en/smart-forfour-1-5-cdi-70kw-pulse-specs/46093
Smart,Smart forfour,2004 Smart Forfour 1.5 Cdi 70kW Pulse specs,https://www.cars-data.com/en/smart-forfour-1-5-cdi-70kw-pulse-specs/46094
Smart,Smart forfour,2004 Smart Forfour 1.5 Cdi 70kW Passion specs,https://www.cars-data.com/en/smart-forfour-1-5-cdi-70kw-passion-specs/46095
Smart,Smart forfour,2004 Smart Forfour 1.5 Cdi 70kW Passion specs,https://www.cars-data.com/en/smart-forfour-1-5-cdi-70kw-passion-specs/46096
Spectre,Spectre R42,1997 Spectre R42 specs,https://www.cars-data.com/en/spectre-r42-specs/59856
Spectre,Spectre R42,1997 Spectre R42-S specs,https://www.cars-data.com/en/spectre-r42-s-specs/59857
Ssangyong,Ssangyong Tivoli,2015 Ssangyong Tivoli 1.6 Crystal 2WD specs,https://www.cars-data.com/en/ssangyong-tivoli-1-6-crystal-2wd-specs/71665
Ssangyong,Ssangyong Tivoli,2015 Ssangyong Tivoli 1.6 Crystal 2WD specs,https://www.cars-data.com/en/ssangyong-tivoli-1-6-crystal-2wd-specs/71666
Ssangyong,Ssangyong Tivoli,2015 Ssangyong Tivoli 1.6 Quartz 2WD specs,https://www.cars-data.com/en/ssangyong-tivoli-1-6-quartz-2wd-specs/71667
Ssangyong,Ssangyong Tivoli,2015 Ssangyong Tivoli 1.6 Quartz 2WD specs,https://www.cars-data.com/en/ssangyong-tivoli-1-6-quartz-2wd-specs/71668
Ssangyong,Ssangyong Tivoli,2015 Ssangyong Tivoli 1.6 Sapphire 2WD specs,https://www.cars-data.com/en/ssangyong-tivoli-1-6-sapphire-2wd-specs/71669
Ssangyong,Ssangyong Tivoli,2015 Ssangyong Tivoli 1.6 Sapphire 2WD specs,https://www.cars-data.com/en/ssangyong-tivoli-1-6-sapphire-2wd-specs/71670
Subaru,Subaru XV,2012 Subaru XV 2.0D Executive specs,https://www.cars-data.com/en/subaru-xv-2-0d-executive-specs/46828
Subaru,Subaru XV,2012 Subaru XV 1.6i Luxury specs,https://www.cars-data.com/en/subaru-xv-1-6i-luxury-specs/46818
Subaru,Subaru XV,2012 Subaru XV 1.6i Luxury specs,https://www.cars-data.com/en/subaru-xv-1-6i-luxury-specs/46819
Subaru,Subaru XV,2012 Subaru XV 2.0i Luxury specs,https://www.cars-data.com/en/subaru-xv-2-0i-luxury-specs/46820
Subaru,Subaru XV,2012 Subaru XV 2.0i Luxury specs,https://www.cars-data.com/en/subaru-xv-2-0i-luxury-specs/46821
Subaru,Subaru XV,2012 Subaru XV 2.0i Luxury Plus specs,https://www.cars-data.com/en/subaru-xv-2-0i-luxury-plus-specs/46822
Subaru,Subaru XV,2012 Subaru XV 2.0i Luxury Plus specs,https://www.cars-data.com/en/subaru-xv-2-0i-luxury-plus-specs/46823
Subaru,Subaru XV,2012 Subaru XV 2.0i Executive specs,https://www.cars-data.com/en/subaru-xv-2-0i-executive-specs/46824
Subaru,Subaru XV,2012 Subaru XV 2.0i Executive specs,https://www.cars-data.com/en/subaru-xv-2-0i-executive-specs/46825
Subaru,Subaru XV,2012 Subaru XV 2.0D Luxury specs,https://www.cars-data.com/en/subaru-xv-2-0d-luxury-specs/46826
Subaru,Subaru XV,2012 Subaru XV 2.0D Luxury Plus specs,https://www.cars-data.com/en/subaru-xv-2-0d-luxury-plus-specs/46827
Suzuki,Suzuki Vitara,2015 Suzuki Vitara 1.6 Comfort specs,https://www.cars-data.com/en/suzuki-vitara-1-6-comfort-specs/68017
Suzuki,Suzuki Vitara,2015 Suzuki Vitara 1.6 Style specs,https://www.cars-data.com/en/suzuki-vitara-1-6-style-specs/70063
Suzuki,Suzuki Vitara,2015 Suzuki Vitara 1.6 Exclusive specs,https://www.cars-data.com/en/suzuki-vitara-1-6-exclusive-specs/68018
Suzuki,Suzuki Vitara,2015 Suzuki Vitara 1.6 Exclusive specs,https://www.cars-data.com/en/suzuki-vitara-1-6-exclusive-specs/70064
Suzuki,Suzuki Vitara,2015 Suzuki Vitara 1.6 High Executive specs,https://www.cars-data.com/en/suzuki-vitara-1-6-high-executive-specs/68019
Suzuki,Suzuki Vitara,2015 Suzuki Vitara 1.6 High Executive specs,https://www.cars-data.com/en/suzuki-vitara-1-6-high-executive-specs/70065
Suzuki,Suzuki Vitara,2015 Suzuki Vitara 1.6 Allgrip Exclusive specs,https://www.cars-data.com/en/suzuki-vitara-1-6-allgrip-exclusive-specs/68020
Suzuki,Suzuki Vitara,2015 Suzuki Vitara 1.6 Allgrip Exclusive specs,https://www.cars-data.com/en/suzuki-vitara-1-6-allgrip-exclusive-specs/70066
Suzuki,Suzuki Vitara,2015 Suzuki Vitara 1.6 Allgrip High Executive specs,https://www.cars-data.com/en/suzuki-vitara-1-6-allgrip-high-executive-specs/68021
Suzuki,Suzuki Vitara,2015 Suzuki Vitara 1.6 Allgrip High Executive specs,https://www.cars-data.com/en/suzuki-vitara-1-6-allgrip-high-executive-specs/70067
Suzuki,Suzuki Vitara,2015 Suzuki Vitara 1.4 S Boosterjet specs,https://www.cars-data.com/en/suzuki-vitara-1-4-s-boosterjet-specs/70068
Suzuki,Suzuki Vitara,2015 Suzuki Vitara 1.4 S Boosterjet specs,https://www.cars-data.com/en/suzuki-vitara-1-4-s-boosterjet-specs/70069
Suzuki,Suzuki Vitara,2015 Suzuki Vitara 1.4 Allgrip S Boosterjet specs,https://www.cars-data.com/en/suzuki-vitara-1-4-allgrip-s-boosterjet-specs/70070
Suzuki,Suzuki Vitara,2015 Suzuki Vitara 1.4 Allgrip S Boosterjet specs,https://www.cars-data.com/en/suzuki-vitara-1-4-allgrip-s-boosterjet-specs/70071
Suzuki,Suzuki Vitara,2015 Suzuki Vitara 1.6 Diesel Exclusive specs,https://www.cars-data.com/en/suzuki-vitara-1-6-diesel-exclusive-specs/68022
Suzuki,Suzuki Vitara,2015 Suzuki Vitara 1.6 Diesel High Executive specs,https://www.cars-data.com/en/suzuki-vitara-1-6-diesel-high-executive-specs/68023
Suzuki,Suzuki Vitara,2015 Suzuki Vitara 1.6 Diesel Allgrip Exclusive specs,https://www.cars-data.com/en/suzuki-vitara-1-6-diesel-allgrip-exclusive-specs/68024
Suzuki,Suzuki Vitara,2015 Suzuki Vitara 1.6 Diesel Allgrip High Executive specs,https://www.cars-data.com/en/suzuki-vitara-1-6-diesel-allgrip-high-executive-specs/68025
Suzuki,Suzuki Vitara,2015 Suzuki Vitara 1.6 Diesel Allgrip High Executive specs,https://www.cars-data.com/en/suzuki-vitara-1-6-diesel-allgrip-high-executive-specs/70072
Talbot,Talbot Tagora,1981 Talbot Tagora 2.2 GL specs,https://www.cars-data.com/en/talbot-tagora-2-2-gl-specs/59915
Talbot,Talbot Tagora,1981 Talbot Tagora 2.2 GLS specs,https://www.cars-data.com/en/talbot-tagora-2-2-gls-specs/59916
Talbot,Talbot Tagora,1981 Talbot Tagora 2.2 GLS specs,https://www.cars-data.com/en/talbot-tagora-2-2-gls-specs/59917
Talbot,Talbot Tagora,1981 Talbot Tagora 2.6 V6 SX specs,https://www.cars-data.com/en/talbot-tagora-2-6-v6-sx-specs/59918
Talbot,Talbot Tagora,1981 Talbot Tagora 2.3 TD specs,https://www.cars-data.com/en/talbot-tagora-2-3-td-specs/59919
Tesla,Tesla Model X,2016 Tesla Model X 60D specs,https://www.cars-data.com/en/tesla-model-x-60d-specs/73365
Tesla,Tesla Model X,2016 Tesla Model X 75D specs,https://www.cars-data.com/en/tesla-model-x-75d-specs/71673
Tesla,Tesla Model X,2016 Tesla Model X 90D specs,https://www.cars-data.com/en/tesla-model-x-90d-specs/71674
Tesla,Tesla Model X,2016 Tesla Model X P90D specs,https://www.cars-data.com/en/tesla-model-x-p90d-specs/71675
Tesla,Tesla Model X,2016 Tesla Model X P90D Signature Performance specs,https://www.cars-data.com/en/tesla-model-x-p90d-signature-performance-specs/71676
Tesla,Tesla Model X,2016 Tesla Model X 100D Performance Ludicrous specs,https://www.cars-data.com/en/tesla-model-x-100d-performance-ludicrous-specs/73367
Think,Think City,2009 Think City specs,https://www.cars-data.com/en/think-city-specs/47378
Toyota,Toyota Corolla Sedan,2019 Toyota Corolla Sedan 1.8 Hybrid Active specs,https://www.cars-data.com/en/toyota-corolla-sedan-1-8-hybrid-active-specs/162734
Toyota,Toyota Corolla Sedan,2019 Toyota Corolla Sedan 1.8 Hybrid Business specs,https://www.cars-data.com/en/toyota-corolla-sedan-1-8-hybrid-business-specs/162735
Toyota,Toyota Corolla Sedan,2019 Toyota Corolla Sedan 1.8 Hybrid First Edition specs,https://www.cars-data.com/en/toyota-corolla-sedan-1-8-hybrid-first-edition-specs/162736
Toyota,Toyota Corolla Sedan,2019 Toyota Corolla Sedan 1.8 Hybrid Dynamic specs,https://www.cars-data.com/en/toyota-corolla-sedan-1-8-hybrid-dynamic-specs/162737
Toyota,Toyota Corolla Sedan,2019 Toyota Corolla Sedan 1.8 Hybrid Business Plus specs,https://www.cars-data.com/en/toyota-corolla-sedan-1-8-hybrid-business-plus-specs/162738
Toyota,Toyota Corolla Sedan,2019 Toyota Corolla Sedan 1.8 Hybrid Style specs,https://www.cars-data.com/en/toyota-corolla-sedan-1-8-hybrid-style-specs/162739
Toyota,Toyota Corolla Sedan,2019 Toyota Corolla Sedan 1.8 Hybrid Business Intro specs,https://www.cars-data.com/en/toyota-corolla-sedan-1-8-hybrid-business-intro-specs/162740
Toyota,Toyota Corolla Sedan,2019 Toyota Corolla Sedan 1.8 Hybrid Executive specs,https://www.cars-data.com/en/toyota-corolla-sedan-1-8-hybrid-executive-specs/162742
Triumph,Triumph TR7 Coupe,1979 Triumph TR7 Coupe specs,https://www.cars-data.com/en/triumph-tr7-coupe-specs/59923
TVR,TVR Chimaera,1994 TVR Chimaera 400 specs,https://www.cars-data.com/en/tvr-chimaera-400-specs/59925
TVR,TVR Chimaera,1994 TVR Chimaera 500 specs,https://www.cars-data.com/en/tvr-chimaera-500-specs/59927
Volkswagen,Volkswagen Caddy Cargo,2020 Volkswagen Caddy Cargo 2.0 TDI 75hp Economy Business specs,https://www.cars-data.com/en/volkswagen-caddy-cargo-2-0-tdi-75hp-economy-business-specs/164861
Volkswagen,Volkswagen Caddy Cargo,2020 Volkswagen Caddy Cargo 2.0 TDI 75hp specs,https://www.cars-data.com/en/volkswagen-caddy-cargo-2-0-tdi-75hp-specs/164862
Volkswagen,Volkswagen Caddy Cargo,2020 Volkswagen Caddy Cargo 2.0 TDI 102hp specs,https://www.cars-data.com/en/volkswagen-caddy-cargo-2-0-tdi-102hp-specs/164863
Volkswagen,Volkswagen Caddy Cargo,2020 Volkswagen Caddy Cargo 2.0 TDI 122hp specs,https://www.cars-data.com/en/volkswagen-caddy-cargo-2-0-tdi-122hp-specs/164864
Volkswagen,Volkswagen Caddy Cargo,2020 Volkswagen Caddy Cargo 2.0 TDI 122hp specs,https://www.cars-data.com/en/volkswagen-caddy-cargo-2-0-tdi-122hp-specs/164865
Volvo,Volvo XC60,2008 Volvo XC60 T6 AWD Momentum specs,https://www.cars-data.com/en/volvo-xc60-t6-awd-momentum-specs/57966
Volvo,Volvo XC60,2008 Volvo XC60 T6 AWD Summum specs,https://www.cars-data.com/en/volvo-xc60-t6-awd-summum-specs/57967
Volvo,Volvo XC60,2008 Volvo XC60 2.4D AWD specs,https://www.cars-data.com/en/volvo-xc60-2-4d-awd-specs/58008
Volvo,Volvo XC60,2008 Volvo XC60 2.4D AWD specs,https://www.cars-data.com/en/volvo-xc60-2-4d-awd-specs/58009
Volvo,Volvo XC60,2008 Volvo XC60 2.4D AWD Kinetic specs,https://www.cars-data.com/en/volvo-xc60-2-4d-awd-kinetic-specs/58010
Volvo,Volvo XC60,2008 Volvo XC60 2.4D AWD Kinetic specs,https://www.cars-data.com/en/volvo-xc60-2-4d-awd-kinetic-specs/58011
Volvo,Volvo XC60,2008 Volvo XC60 2.4D AWD Momentum specs,https://www.cars-data.com/en/volvo-xc60-2-4d-awd-momentum-specs/58012
Volvo,Volvo XC60,2008 Volvo XC60 2.4D AWD Momentum specs,https://www.cars-data.com/en/volvo-xc60-2-4d-awd-momentum-specs/58013
Volvo,Volvo XC60,2008 Volvo XC60 2.4D AWD Summum specs,https://www.cars-data.com/en/volvo-xc60-2-4d-awd-summum-specs/58014
Volvo,Volvo XC60,2008 Volvo XC60 2.4D AWD Summum specs,https://www.cars-data.com/en/volvo-xc60-2-4d-awd-summum-specs/58015
Volvo,Volvo XC60,2008 Volvo XC60 D5 AWD specs,https://www.cars-data.com/en/volvo-xc60-d5-awd-specs/58026
Volvo,Volvo XC60,2008 Volvo XC60 D5 AWD specs,https://www.cars-data.com/en/volvo-xc60-d5-awd-specs/58027
Volvo,Volvo XC60,2008 Volvo XC60 D5 AWD Kinetic specs,https://www.cars-data.com/en/volvo-xc60-d5-awd-kinetic-specs/58028
Volvo,Volvo XC60,2008 Volvo XC60 D5 AWD Kinetic specs,https://www.cars-data.com/en/volvo-xc60-d5-awd-kinetic-specs/58029
Volvo,Volvo XC60,2008 Volvo XC60 D5 AWD Momentum specs,https://www.cars-data.com/en/volvo-xc60-d5-awd-momentum-specs/58030
Volvo,Volvo XC60,2008 Volvo XC60 D5 AWD Momentum specs,https://www.cars-data.com/en/volvo-xc60-d5-awd-momentum-specs/58031
Volvo,Volvo XC60,2008 Volvo XC60 D5 AWD Summum specs,https://www.cars-data.com/en/volvo-xc60-d5-awd-summum-specs/58032
Volvo,Volvo XC60,2008 Volvo XC60 D5 AWD Summum specs,https://www.cars-data.com/en/volvo-xc60-d5-awd-summum-specs/58033
Yugo,Yugo 45/55,1983 Yugo 45 E specs,https://www.cars-data.com/en/yugo-45-e-specs/59933
Yugo,Yugo 45/55,1983 Yugo 45 S specs,https://www.cars-data.com/en/yugo-45-s-specs/59934
